1.224646799147353144e-19,0.000000000000000000e+00,-1.000000000000000021e-03
9.381338752702730357e-20,7.871877887341984621e-20,-1.000000000000000021e-03
2.126576849575772346e-20,1.206041662501897604e-19,-1.000000000000000021e-03
-6.123233995736763311e-20,1.060575238724906859e-19,-1.000000000000000021e-03
-1.150791560227850060e-19,4.188538737676993224e-20,-1.000000000000000021e-03
-1.150791560227850300e-19,-4.188538737676990816e-20,-1.000000000000000021e-03
-6.123233995736771737e-20,-1.060575238724906498e-19,-1.000000000000000021e-03
2.126576849575766929e-20,-1.206041662501897845e-19,-1.000000000000000021e-03
9.381338752702727950e-20,-7.871877887341988232e-20,-1.000000000000000021e-03
1.224646799147353144e-19,-2.999519565323715408e-35,-1.000000000000000021e-03
8.660254037844384786e-04,0.000000000000000000e+00,-5.000000000000002272e-04
6.634139481689382877e-04,5.566703992264191705e-04,-5.000000000000002272e-04
1.503837331804353363e-04,8.528685319524430394e-04,-5.000000000000002272e-04
-4.330127018922190225e-04,7.499999999999999072e-04,-5.000000000000002272e-04
-8.137976813493735155e-04,2.961981327260239231e-04,-5.000000000000002272e-04
-8.137976813493736240e-04,-2.961981327260237063e-04,-5.000000000000002272e-04
-4.330127018922196188e-04,-7.499999999999995819e-04,-5.000000000000002272e-04
1.503837331804349297e-04,-8.528685319524431478e-04,-5.000000000000002272e-04
6.634139481689380708e-04,-5.566703992264194958e-04,-5.000000000000002272e-04
8.660254037844384786e-04,-2.121150477449813477e-19,-5.000000000000002272e-04
1.000000000000000021e-03,0.000000000000000000e+00,6.123233995736765718e-20
7.660444431189780473e-04,6.427876096865392345e-04,6.123233995736765718e-20
1.736481776669304179e-04,9.848077530122080134e-04,6.123233995736765718e-20
-4.999999999999997936e-04,8.660254037844386955e-04,6.123233995736765718e-20
-9.396926207859083568e-04,3.420201433256688872e-04,6.123233995736765718e-20
-9.396926207859084652e-04,-3.420201433256686704e-04,6.123233995736765718e-20
-5.000000000000004441e-04,-8.660254037844383702e-04,6.123233995736765718e-20
1.736481776669299842e-04,-9.848077530122082302e-04,6.123233995736765718e-20
7.660444431189778304e-04,-6.427876096865395598e-04,6.123233995736765718e-20
1.000000000000000021e-03,-2.449293598294706287e-19,6.123233995736765718e-20
8.660254037844386955e-04,0.000000000000000000e+00,4.999999999999999020e-04
6.634139481689383961e-04,5.566703992264193874e-04,4.999999999999999020e-04
1.503837331804353634e-04,8.528685319524432562e-04,4.999999999999999020e-04
-4.330127018922191309e-04,7.500000000000001240e-04,4.999999999999999020e-04
-8.137976813493737324e-04,2.961981327260239773e-04,4.999999999999999020e-04
-8.137976813493737324e-04,-2.961981327260238147e-04,4.999999999999999020e-04
-4.330127018922197272e-04,-7.499999999999997988e-04,4.999999999999999020e-04
1.503837331804349839e-04,-8.528685319524433647e-04,4.999999999999999020e-04
6.634139481689381793e-04,-5.566703992264196042e-04,4.999999999999999020e-04
8.660254037844386955e-04,-2.121150477449813959e-19,4.999999999999999020e-04
0.000000000000000000e+00,0.000000000000000000e+00,1.000000000000000021e-03
0.000000000000000000e+00,0.000000000000000000e+00,1.000000000000000021e-03
0.000000000000000000e+00,0.000000000000000000e+00,1.000000000000000021e-03
-0.000000000000000000e+00,0.000000000000000000e+00,1.000000000000000021e-03
-0.000000000000000000e+00,0.000000000000000000e+00,1.000000000000000021e-03
-0.000000000000000000e+00,-0.000000000000000000e+00,1.000000000000000021e-03
-0.000000000000000000e+00,-0.000000000000000000e+00,1.000000000000000021e-03
0.000000000000000000e+00,-0.000000000000000000e+00,1.000000000000000021e-03
0.000000000000000000e+00,-0.000000000000000000e+00,1.000000000000000021e-03
0.000000000000000000e+00,-0.000000000000000000e+00,1.000000000000000021e-03
1.945254757803532660e-17,0.000000000000000000e+00,-1.588421052631578956e-01
1.490151597666149649e-17,1.250385655999900614e-17,-1.588421052631578956e-01
3.377899437905095228e-18,1.915701967068803996e-17,-1.588421052631578956e-01
-9.726273789017658677e-18,1.684640037090405042e-17,-1.588421052631578956e-01
-1.827941541456658825e-17,6.653163110689035367e-18,-1.588421052631578956e-01
-1.827941541456659133e-17,-6.653163110689030745e-18,-1.588421052631578956e-01
-9.726273789017672544e-18,-1.684640037090404118e-17,-1.588421052631578956e-01
3.377899437905086754e-18,-1.915701967068803996e-17,-1.588421052631578956e-01
1.490151597666149341e-17,-1.250385655999901230e-17,-1.588421052631578956e-01
1.945254757803532660e-17,-4.764500025340512183e-33,-1.588421052631578956e-01
1.375612983484965912e-01,0.000000000000000000e+00,-7.942105263157898942e-02
1.053780681880976677e-01,8.842269815080699980e-02,-7.942105263157898942e-02
2.388726877571335783e-02,1.354714331280248985e-01,-7.942105263157898942e-02
-6.878064917424826785e-02,1.191315789473684078e-01,-7.942105263157898942e-02
-1.292653369638110117e-01,4.704873497721789866e-02,-7.942105263157898942e-02
-1.292653369638110117e-01,-4.704873497721787090e-02,-7.942105263157898942e-02
-6.878064917424835112e-02,-1.191315789473683523e-01,-7.942105263157898942e-02
2.388726877571329538e-02,-1.354714331280248985e-01,-7.942105263157898942e-02
1.053780681880976261e-01,-8.842269815080705531e-02,-7.942105263157898942e-02
1.375612983484965912e-01,-3.369280074180808852e-17,-7.942105263157898942e-02
1.588421052631578956e-01,0.000000000000000000e+00,9.726273789017663299e-18
1.216801120701618832e-01,1.021017371596829176e-01,9.726273789017663299e-18
2.758264211572610328e-02,1.564289367679391474e-01,9.726273789017663299e-18
-7.942105263157890616e-02,1.375612983484966467e-01,9.726273789017663299e-18
-1.492627541858879692e-01,5.432719960825624361e-02,9.726273789017663299e-18
-1.492627541858879692e-01,-5.432719960825620892e-02,9.726273789017663299e-18
-7.942105263157901718e-02,-1.375612983484965912e-01,9.726273789017663299e-18
2.758264211572603389e-02,-1.564289367679391751e-01,9.726273789017663299e-18
1.216801120701618416e-01,-1.021017371596829731e-01,9.726273789017663299e-18
1.588421052631578956e-01,-3.890509515607065320e-17,9.726273789017663299e-18
1.375612983484966467e-01,0.000000000000000000e+00,7.942105263157893391e-02
1.053780681880977094e-01,8.842269815080704143e-02,7.942105263157893391e-02
2.388726877571336824e-02,1.354714331280249540e-01,7.942105263157893391e-02
-6.878064917424829561e-02,1.191315789473684494e-01,7.942105263157893391e-02
-1.292653369638110672e-01,4.704873497721791947e-02,7.942105263157893391e-02
-1.292653369638110672e-01,-4.704873497721789172e-02,7.942105263157893391e-02
-6.878064917424837887e-02,-1.191315789473684078e-01,7.942105263157893391e-02
2.388726877571330579e-02,-1.354714331280249540e-01,7.942105263157893391e-02
1.053780681880976677e-01,-8.842269815080708306e-02,7.942105263157893391e-02
1.375612983484966467e-01,-3.369280074180810085e-17,7.942105263157893391e-02
0.000000000000000000e+00,0.000000000000000000e+00,1.588421052631578956e-01
0.000000000000000000e+00,0.000000000000000000e+00,1.588421052631578956e-01
0.000000000000000000e+00,0.000000000000000000e+00,1.588421052631578956e-01
-0.000000000000000000e+00,0.000000000000000000e+00,1.588421052631578956e-01
-0.000000000000000000e+00,0.000000000000000000e+00,1.588421052631578956e-01
-0.000000000000000000e+00,-0.000000000000000000e+00,1.588421052631578956e-01
-0.000000000000000000e+00,-0.000000000000000000e+00,1.588421052631578956e-01
0.000000000000000000e+00,-0.000000000000000000e+00,1.588421052631578956e-01
0.000000000000000000e+00,-0.000000000000000000e+00,1.588421052631578956e-01
0.000000000000000000e+00,-0.000000000000000000e+00,1.588421052631578956e-01
3.878263047615591815e-17,0.000000000000000000e+00,-3.166842105263157903e-01
2.970921856579596688e-17,2.492899434112459159e-17,-3.166842105263157903e-01
6.734533107314432681e-18,3.819343517512589024e-17,-3.166842105263157903e-01
-1.939131523807794983e-17,3.358674321793560629e-17,-3.166842105263157903e-01
-3.644375167311039340e-17,1.326444083400130173e-17,-3.166842105263157903e-01
-3.644375167311039956e-17,-1.326444083400129249e-17,-3.166842105263157903e-01
-1.939131523807797756e-17,-3.358674321793559396e-17,-3.166842105263157903e-01
6.734533107314415733e-18,-3.819343517512589024e-17,-3.166842105263157903e-01
2.970921856579595455e-17,-2.492899434112460391e-17,-3.166842105263157903e-01
3.878263047615591815e-17,-9.499004855027787816e-33,-3.166842105263157903e-01
2.742565712932087396e-01,0.000000000000000000e+00,-1.583421052631579784e-01
2.100927224280263739e-01,1.762887259023875886e-01,-1.583421052631579784e-01
4.762415381824627869e-02,2.700899977240973082e-01,-1.583421052631579784e-01
-1.371282856466043143e-01,2.375131578947367872e-01,-1.583421052631579784e-01
-2.577168762462726526e-01,9.380127182170977518e-02,-1.583421052631579784e-01
-2.577168762462726526e-01,-9.380127182170971967e-02,-1.583421052631579784e-01
-1.371282856466044808e-01,-2.375131578947367039e-01,-1.583421052631579784e-01
4.762415381824615379e-02,-2.700899977240973637e-01,-1.583421052631579784e-01
2.100927224280263184e-01,-1.762887259023876718e-01,-1.583421052631579784e-01
2.742565712932087396e-01,-6.717348643587118792e-17,-1.583421052631579784e-01
3.166842105263157903e-01,0.000000000000000000e+00,1.939131523807795907e-17
2.425941796972047870e-01,2.035606867096793060e-01,1.939131523807795907e-17
5.499163605378527830e-02,3.118730657828661101e-01,1.939131523807795907e-17
-1.583421052631578119e-01,2.742565712932088506e-01,1.939131523807795907e-17
-2.975858157509900237e-01,1.083123790731868180e-01,1.939131523807795907e-17
-2.975858157509900792e-01,-1.083123790731867486e-01,1.939131523807795907e-17
-1.583421052631580339e-01,-2.742565712932087396e-01,1.939131523807795907e-17
5.499163605378513953e-02,-3.118730657828661101e-01,1.939131523807795907e-17
2.425941796972047038e-01,-2.035606867096794170e-01,1.939131523807795907e-17
3.166842105263157903e-01,-7.756526095231183629e-17,1.939131523807795907e-17
2.742565712932088506e-01,0.000000000000000000e+00,1.583421052631578674e-01
2.100927224280264571e-01,1.762887259023876441e-01,1.583421052631578674e-01
4.762415381824629951e-02,2.700899977240974192e-01,1.583421052631578674e-01
-1.371282856466043698e-01,2.375131578947368982e-01,1.583421052631578674e-01
-2.577168762462727081e-01,9.380127182170981681e-02,1.583421052631578674e-01
-2.577168762462727636e-01,-9.380127182170976130e-02,1.583421052631578674e-01
-1.371282856466045363e-01,-2.375131578947368149e-01,1.583421052631578674e-01
4.762415381824617461e-02,-2.700899977240974748e-01,1.583421052631578674e-01
2.100927224280264016e-01,-1.762887259023877551e-01,1.583421052631578674e-01
2.742565712932088506e-01,-6.717348643587122490e-17,1.583421052631578674e-01
0.000000000000000000e+00,0.000000000000000000e+00,3.166842105263157903e-01
0.000000000000000000e+00,0.000000000000000000e+00,3.166842105263157903e-01
0.000000000000000000e+00,0.000000000000000000e+00,3.166842105263157903e-01
-0.000000000000000000e+00,0.000000000000000000e+00,3.166842105263157903e-01
-0.000000000000000000e+00,0.000000000000000000e+00,3.166842105263157903e-01
-0.000000000000000000e+00,-0.000000000000000000e+00,3.166842105263157903e-01
-0.000000000000000000e+00,-0.000000000000000000e+00,3.166842105263157903e-01
0.000000000000000000e+00,-0.000000000000000000e+00,3.166842105263157903e-01
0.000000000000000000e+00,-0.000000000000000000e+00,3.166842105263157903e-01
0.000000000000000000e+00,-0.000000000000000000e+00,3.166842105263157903e-01
5.811271337427650970e-17,0.000000000000000000e+00,-4.745263157894736850e-01
4.451692115493043419e-17,3.735413212225017857e-17,-4.745263157894736850e-01
1.009116677672377052e-17,5.722985067956374360e-17,-4.745263157894736850e-01
-2.905635668713824252e-17,5.032708606496716831e-17,-4.745263157894736850e-01
-5.460808793165419854e-17,1.987571855731356810e-17,-4.745263157894736850e-01
-5.460808793165420471e-17,-1.987571855731355269e-17,-4.745263157894736850e-01
-2.905635668713827950e-17,-5.032708606496714366e-17,-4.745263157894736850e-01
1.009116677672374433e-17,-5.722985067956374360e-17,-4.745263157894736850e-01
4.451692115493042186e-17,-3.735413212225019706e-17,-4.745263157894736850e-01
5.811271337427650970e-17,-1.423350968471506276e-32,-4.745263157894736850e-01
4.109518442379209158e-01,0.000000000000000000e+00,-2.372631578947369535e-01
3.148073766679551078e-01,2.641547536539681773e-01,-2.372631578947369535e-01
7.136103886077919956e-02,4.047085623201698290e-01,-2.372631578947369535e-01
-2.054759221189603746e-01,3.558947368421052082e-01,-2.372631578947369535e-01
-3.861684155287342657e-01,1.405538086662016517e-01,-2.372631578947369535e-01
-3.861684155287343212e-01,-1.405538086662015684e-01,-2.372631578947369535e-01
-2.054759221189606522e-01,-3.558947368421050972e-01,-2.372631578947369535e-01
7.136103886077901914e-02,-4.047085623201698290e-01,-2.372631578947369535e-01
3.148073766679550523e-01,-2.641547536539683438e-01,-2.372631578947369535e-01
4.109518442379209158e-01,-1.006541721299342996e-16,-2.372631578947369535e-01
4.745263157894736850e-01,0.000000000000000000e+00,2.905635668713825485e-17
3.635082473242476908e-01,3.050196362596756527e-01,2.905635668713825485e-17
8.240062999184445680e-02,4.673171947977930452e-01,2.905635668713825485e-17
-2.372631578947367315e-01,4.109518442379210268e-01,2.905635668713825485e-17
-4.459088773160920782e-01,1.622975585381173924e-01,2.905635668713825485e-17
-4.459088773160921337e-01,-1.622975585381173091e-01,2.905635668713825485e-17
-2.372631578947370645e-01,-4.109518442379208603e-01,2.905635668713825485e-17
8.240062999184424863e-02,-4.673171947977931007e-01,2.905635668713825485e-17
3.635082473242475798e-01,-3.050196362596758193e-01,2.905635668713825485e-17
4.745263157894736850e-01,-1.162254267485530194e-16,2.905635668713825485e-17
4.109518442379210268e-01,0.000000000000000000e+00,2.372631578947367870e-01
3.148073766679552188e-01,2.641547536539682328e-01,2.372631578947367870e-01
7.136103886077922731e-02,4.047085623201698845e-01,2.372631578947367870e-01
-2.054759221189604301e-01,3.558947368421053192e-01,2.372631578947367870e-01
-3.861684155287343767e-01,1.405538086662017072e-01,2.372631578947367870e-01
-3.861684155287344322e-01,-1.405538086662016239e-01,2.372631578947367870e-01
-2.054759221189607077e-01,-3.558947368421052082e-01,2.372631578947367870e-01
7.136103886077904690e-02,-4.047085623201699400e-01,2.372631578947367870e-01
3.148073766679551078e-01,-2.641547536539683994e-01,2.372631578947367870e-01
4.109518442379210268e-01,-1.006541721299343243e-16,2.372631578947367870e-01
0.000000000000000000e+00,0.000000000000000000e+00,4.745263157894736850e-01
0.000000000000000000e+00,0.000000000000000000e+00,4.745263157894736850e-01
0.000000000000000000e+00,0.000000000000000000e+00,4.745263157894736850e-01
-0.000000000000000000e+00,0.000000000000000000e+00,4.745263157894736850e-01
-0.000000000000000000e+00,0.000000000000000000e+00,4.745263157894736850e-01
-0.000000000000000000e+00,-0.000000000000000000e+00,4.745263157894736850e-01
-0.000000000000000000e+00,-0.000000000000000000e+00,4.745263157894736850e-01
0.000000000000000000e+00,-0.000000000000000000e+00,4.745263157894736850e-01
0.000000000000000000e+00,-0.000000000000000000e+00,4.745263157894736850e-01
0.000000000000000000e+00,-0.000000000000000000e+00,4.745263157894736850e-01
7.744279627239710125e-17,0.000000000000000000e+00,-6.323684210526315796e-01
5.932462374406490766e-17,4.977926990337576248e-17,-6.323684210526315796e-01
1.344780044613310836e-17,7.626626618400159079e-17,-6.323684210526315796e-01
-3.872139813619853213e-17,6.706742891199873034e-17,-6.323684210526315796e-01
-7.277242419019799753e-17,2.648699628062583139e-17,-6.323684210526315796e-01
-7.277242419019800985e-17,-2.648699628062581598e-17,-6.323684210526315796e-01
-3.872139813619858760e-17,-6.706742891199869336e-17,-6.323684210526315796e-01
1.344780044613307446e-17,-7.626626618400160311e-17,-6.323684210526315796e-01
5.932462374406488300e-17,-4.977926990337579330e-17,-6.323684210526315796e-01
7.744279627239710125e-17,-1.896801451440233771e-32,-6.323684210526315796e-01
5.476471171826330364e-01,0.000000000000000000e+00,-3.161842105263159564e-01
4.195220309078838139e-01,3.520207814055487661e-01,-3.161842105263159564e-01
9.509792390331212042e-02,5.393271269162421833e-01,-3.161842105263159564e-01
-2.738235585913164072e-01,4.742763157894736015e-01,-3.161842105263159564e-01
-5.146199548111959343e-01,1.873063455106935282e-01,-3.161842105263159564e-01
-5.146199548111959343e-01,-1.873063455106934172e-01,-3.161842105263159564e-01
-2.738235585913167403e-01,-4.742763157894734349e-01,-3.161842105263159564e-01
9.509792390331188450e-02,-5.393271269162422943e-01,-3.161842105263159564e-01
4.195220309078837029e-01,-3.520207814055489326e-01,-3.161842105263159564e-01
5.476471171826330364e-01,-1.341348578239974114e-16,-3.161842105263159564e-01
6.323684210526315796e-01,0.000000000000000000e+00,3.872139813619855062e-17
4.844223149512905668e-01,4.064785858096720550e-01,3.872139813619855062e-17
1.098096239299036214e-01,6.227613238127199802e-01,3.872139813619855062e-17
-3.161842105263156233e-01,5.476471171826332585e-01,3.872139813619855062e-17
-5.942319388811940772e-01,2.162827380030479807e-01,3.872139813619855062e-17
-5.942319388811941883e-01,-2.162827380030478419e-01,3.872139813619855062e-17
-3.161842105263160674e-01,-5.476471171826330364e-01,3.872139813619855062e-17
1.098096239299033439e-01,-6.227613238127200912e-01,3.872139813619855062e-17
4.844223149512904558e-01,-4.064785858096722770e-01,3.872139813619855062e-17
6.323684210526315796e-01,-1.548855925447942025e-16,3.872139813619855062e-17
5.476471171826332585e-01,0.000000000000000000e+00,3.161842105263157343e-01
4.195220309078839804e-01,3.520207814055488771e-01,3.161842105263157343e-01
9.509792390331216205e-02,5.393271269162424053e-01,3.161842105263157343e-01
-2.738235585913165182e-01,4.742763157894737680e-01,3.161842105263157343e-01
-5.146199548111960453e-01,1.873063455106936115e-01,3.161842105263157343e-01
-5.146199548111961564e-01,-1.873063455106934727e-01,3.161842105263157343e-01
-2.738235585913168513e-01,-4.742763157894736015e-01,3.161842105263157343e-01
9.509792390331191225e-02,-5.393271269162425163e-01,3.161842105263157343e-01
4.195220309078838694e-01,-3.520207814055490991e-01,3.161842105263157343e-01
5.476471171826332585e-01,-1.341348578239974607e-16,3.161842105263157343e-01
0.000000000000000000e+00,0.000000000000000000e+00,6.323684210526315796e-01
0.000000000000000000e+00,0.000000000000000000e+00,6.323684210526315796e-01
0.000000000000000000e+00,0.000000000000000000e+00,6.323684210526315796e-01
-0.000000000000000000e+00,0.000000000000000000e+00,6.323684210526315796e-01
-0.000000000000000000e+00,0.000000000000000000e+00,6.323684210526315796e-01
-0.000000000000000000e+00,-0.000000000000000000e+00,6.323684210526315796e-01
-0.000000000000000000e+00,-0.000000000000000000e+00,6.323684210526315796e-01
0.000000000000000000e+00,-0.000000000000000000e+00,6.323684210526315796e-01
0.000000000000000000e+00,-0.000000000000000000e+00,6.323684210526315796e-01
0.000000000000000000e+00,-0.000000000000000000e+00,6.323684210526315796e-01
9.677287917051769279e-17,0.000000000000000000e+00,-7.902105263157894743e-01
7.413232633319936880e-17,6.220440768450135255e-17,-7.902105263157894743e-01
1.680443411554244620e-17,9.530268168843943798e-17,-7.902105263157894743e-01
-4.838643958525882791e-17,8.380777175903028004e-17,-7.902105263157894743e-01
-9.093676044874180883e-17,3.309827400393809776e-17,-7.902105263157894743e-01
-9.093676044874182116e-17,-3.309827400393807927e-17,-7.902105263157894743e-01
-4.838643958525888954e-17,-8.380777175903025539e-17,-7.902105263157894743e-01
1.680443411554240306e-17,-9.530268168843945031e-17,-7.902105263157894743e-01
7.413232633319935647e-17,-6.220440768450137720e-17,-7.902105263157894743e-01
9.677287917051769279e-17,-2.370251934408961266e-32,-7.902105263157894743e-01
6.843423901273452126e-01,0.000000000000000000e+00,-3.951052631578949037e-01
5.242366851478125200e-01,4.398868091571293548e-01,-3.951052631578949037e-01
1.188348089458450413e-01,6.739456915123146485e-01,-3.951052631578949037e-01
-3.421711950636724398e-01,5.926578947368420502e-01,-3.951052631578949037e-01
-6.430714940936574919e-01,2.340588823551854047e-01,-3.951052631578949037e-01
-6.430714940936576030e-01,-2.340588823551852660e-01,-3.951052631578949037e-01
-3.421711950636728838e-01,-5.926578947368418282e-01,-3.951052631578949037e-01
1.188348089458447499e-01,-6.739456915123147596e-01,-3.951052631578949037e-01
5.242366851478124090e-01,-4.398868091571295769e-01,-3.951052631578949037e-01
6.843423901273452126e-01,-1.676155435180605108e-16,-3.951052631578949037e-01
7.902105263157894743e-01,0.000000000000000000e+00,4.838643958525884640e-17
6.053363825783334429e-01,5.079375353596684572e-01,4.838643958525884640e-17
1.372186178679627999e-01,7.782054528276468597e-01,4.838643958525884640e-17
-3.951052631578945706e-01,6.843423901273454346e-01,4.838643958525884640e-17
-7.425550004462961873e-01,2.702679174679785690e-01,4.838643958525884640e-17
-7.425550004462962983e-01,-2.702679174679784024e-01,4.838643958525884640e-17
-3.951052631578950702e-01,-6.843423901273451015e-01,4.838643958525884640e-17
1.372186178679624391e-01,-7.782054528276469707e-01,4.838643958525884640e-17
6.053363825783333318e-01,-5.079375353596686793e-01,4.838643958525884640e-17
7.902105263157894743e-01,-1.935457583410353856e-16,4.838643958525884640e-17
6.843423901273454346e-01,0.000000000000000000e+00,3.951052631578946261e-01
5.242366851478127421e-01,4.398868091571294658e-01,3.951052631578946261e-01
1.188348089458450829e-01,6.739456915123148706e-01,3.951052631578946261e-01
-3.421711950636725508e-01,5.926578947368421613e-01,3.951052631578946261e-01
-6.430714940936577140e-01,2.340588823551854880e-01,3.951052631578946261e-01
-6.430714940936578250e-01,-2.340588823551853492e-01,3.951052631578946261e-01
-3.421711950636729949e-01,-5.926578947368419392e-01,3.951052631578946261e-01
1.188348089458447776e-01,-6.739456915123149816e-01,3.951052631578946261e-01
5.242366851478126311e-01,-4.398868091571297434e-01,3.951052631578946261e-01
6.843423901273454346e-01,-1.676155435180605601e-16,3.951052631578946261e-01
0.000000000000000000e+00,0.000000000000000000e+00,7.902105263157894743e-01
0.000000000000000000e+00,0.000000000000000000e+00,7.902105263157894743e-01
0.000000000000000000e+00,0.000000000000000000e+00,7.902105263157894743e-01
-0.000000000000000000e+00,0.000000000000000000e+00,7.902105263157894743e-01
-0.000000000000000000e+00,0.000000000000000000e+00,7.902105263157894743e-01
-0.000000000000000000e+00,-0.000000000000000000e+00,7.902105263157894743e-01
-0.000000000000000000e+00,-0.000000000000000000e+00,7.902105263157894743e-01
0.000000000000000000e+00,-0.000000000000000000e+00,7.902105263157894743e-01
0.000000000000000000e+00,-0.000000000000000000e+00,7.902105263157894743e-01
0.000000000000000000e+00,-0.000000000000000000e+00,7.902105263157894743e-01
1.161029620686382720e-16,0.000000000000000000e+00,-9.480526315789473690e-01
8.894002892233382994e-17,7.462954546562692413e-17,-9.480526315789473690e-01
2.016106778495178095e-17,1.143390971928772852e-16,-9.480526315789473690e-01
-5.805148103431911136e-17,1.005481146060618297e-16,-9.480526315789473690e-01
-1.091010967072855955e-16,3.970955172725036104e-17,-9.480526315789473690e-01
-1.091010967072856201e-16,-3.970955172725033639e-17,-9.480526315789473690e-01
-5.805148103431918531e-17,-1.005481146060617928e-16,-9.480526315789473690e-01
2.016106778495172857e-17,-1.143390971928772852e-16,-9.480526315789473690e-01
8.894002892233380529e-17,-7.462954546562697344e-17,-9.480526315789473690e-01
1.161029620686382720e-16,-2.843702417377688487e-32,-9.480526315789473690e-01
8.210376630720573887e-01,0.000000000000000000e+00,-4.740263157894739066e-01
6.289513393877412817e-01,5.277528369087099991e-01,-4.740263157894739066e-01
1.425716939883779621e-01,8.085642561083871138e-01,-4.740263157894739066e-01
-4.105188315360285278e-01,7.110394736842103880e-01,-4.740263157894739066e-01
-7.715230333761191606e-01,2.808114191996772813e-01,-4.740263157894739066e-01
-7.715230333761192716e-01,-2.808114191996771147e-01,-4.740263157894739066e-01
-4.105188315360290829e-01,-7.110394736842101659e-01,-4.740263157894739066e-01
1.425716939883776013e-01,-8.085642561083872248e-01,-4.740263157894739066e-01
6.289513393877411707e-01,-5.277528369087102211e-01,-4.740263157894739066e-01
8.210376630720573887e-01,-2.010962292121236348e-16,-4.740263157894739066e-01
9.480526315789473690e-01,0.000000000000000000e+00,5.805148103431913601e-17
7.262504502053763744e-01,6.093964849096648040e-01,5.805148103431913601e-17
1.646276118060219784e-01,9.336495818425738502e-01,5.805148103431913601e-17
-4.740263157894734625e-01,8.210376630720576108e-01,5.805148103431913601e-17
-8.908780620113981863e-01,3.242530969329091572e-01,5.805148103431913601e-17
-8.908780620113982973e-01,-3.242530969329089352e-01,5.805148103431913601e-17
-4.740263157894741286e-01,-8.210376630720572777e-01,5.805148103431913601e-17
1.646276118060215621e-01,-9.336495818425739612e-01,5.805148103431913601e-17
7.262504502053761524e-01,-6.093964849096651371e-01,5.805148103431913601e-17
9.480526315789473690e-01,-2.322059241372765440e-16,5.805148103431913601e-17
8.210376630720576108e-01,0.000000000000000000e+00,4.740263157894735735e-01
6.289513393877415037e-01,5.277528369087101101e-01,4.740263157894735735e-01
1.425716939883780177e-01,8.085642561083873359e-01,4.740263157894735735e-01
-4.105188315360286389e-01,7.110394736842106100e-01,4.740263157894735735e-01
-7.715230333761193826e-01,2.808114191996773923e-01,4.740263157894735735e-01
-7.715230333761194936e-01,-2.808114191996771702e-01,4.740263157894735735e-01
-4.105188315360291940e-01,-7.110394736842103880e-01,4.740263157894735735e-01
1.425716939883776568e-01,-8.085642561083874469e-01,4.740263157894735735e-01
6.289513393877412817e-01,-5.277528369087103322e-01,4.740263157894735735e-01
8.210376630720576108e-01,-2.010962292121236841e-16,4.740263157894735735e-01
0.000000000000000000e+00,0.000000000000000000e+00,9.480526315789473690e-01
0.000000000000000000e+00,0.000000000000000000e+00,9.480526315789473690e-01
0.000000000000000000e+00,0.000000000000000000e+00,9.480526315789473690e-01
-0.000000000000000000e+00,0.000000000000000000e+00,9.480526315789473690e-01
-0.000000000000000000e+00,0.000000000000000000e+00,9.480526315789473690e-01
-0.000000000000000000e+00,-0.000000000000000000e+00,9.480526315789473690e-01
-0.000000000000000000e+00,-0.000000000000000000e+00,9.480526315789473690e-01
0.000000000000000000e+00,-0.000000000000000000e+00,9.480526315789473690e-01
0.000000000000000000e+00,-0.000000000000000000e+00,9.480526315789473690e-01
0.000000000000000000e+00,-0.000000000000000000e+00,9.480526315789473690e-01
1.354330449667588636e-16,0.000000000000000000e+00,-1.105894736842105264e+00
1.037477315114683034e-16,8.705468324675252037e-17,-1.105894736842105264e+00
2.351770145436111879e-17,1.333755126973151200e-16,-1.105894736842105264e+00
-6.771652248337940713e-17,1.172884574530933794e-16,-1.105894736842105264e+00
-1.272654329658293945e-16,4.632082945056262433e-17,-1.105894736842105264e+00
-1.272654329658294191e-16,-4.632082945056259351e-17,-1.105894736842105264e+00
-6.771652248337949341e-17,-1.172884574530933548e-16,-1.105894736842105264e+00
2.351770145436106024e-17,-1.333755126973151447e-16,-1.105894736842105264e+00
1.037477315114682664e-16,-8.705468324675255735e-17,-1.105894736842105264e+00
1.354330449667588636e-16,-3.317152900346415709e-32,-1.105894736842105264e+00
9.577329360167695649e-01,0.000000000000000000e+00,-5.529473684210528539e-01
7.336659936276700433e-01,6.156188646602905878e-01,-5.529473684210528539e-01
1.663085790309108969e-01,9.431828207044595791e-01,-5.529473684210528539e-01
-4.788664680083845604e-01,8.294210526315788368e-01,-5.529473684210528539e-01
-8.999745726585808292e-01,3.275639560441692133e-01,-5.529473684210528539e-01
-8.999745726585809402e-01,-3.275639560441689913e-01,-5.529473684210528539e-01
-4.788664680083852265e-01,-8.294210526315785037e-01,-5.529473684210528539e-01
1.663085790309104806e-01,-9.431828207044596901e-01,-5.529473684210528539e-01
7.336659936276698213e-01,-6.156188646602908099e-01,-5.529473684210528539e-01
9.577329360167695649e-01,-2.345769149061867589e-16,-5.529473684210528539e-01
1.105894736842105264e+00,0.000000000000000000e+00,6.771652248337943178e-17
8.471645178324193060e-01,7.108554344596611507e-01,6.771652248337943178e-17
1.920366057440811569e-01,1.089093710857500730e+00,6.771652248337943178e-17
-5.529473684210524098e-01,9.577329360167697869e-01,6.771652248337943178e-17
-1.039201123576500185e+00,3.782382763978396900e-01,6.771652248337943178e-17
-1.039201123576500407e+00,-3.782382763978394680e-01,6.771652248337943178e-17
-5.529473684210530759e-01,-9.577329360167694539e-01,6.771652248337943178e-17
1.920366057440806573e-01,-1.089093710857500952e+00,6.771652248337943178e-17
8.471645178324189729e-01,-7.108554344596615948e-01,6.771652248337943178e-17
1.105894736842105264e+00,-2.708660899335177271e-16,6.771652248337943178e-17
9.577329360167697869e-01,0.000000000000000000e+00,5.529473684210525208e-01
7.336659936276702654e-01,6.156188646602906989e-01,5.529473684210525208e-01
1.663085790309109524e-01,9.431828207044598011e-01,5.529473684210525208e-01
-4.788664680083846714e-01,8.294210526315790588e-01,5.529473684210525208e-01
-8.999745726585810512e-01,3.275639560441692688e-01,5.529473684210525208e-01
-8.999745726585811623e-01,-3.275639560441690468e-01,5.529473684210525208e-01
-4.788664680083853376e-01,-8.294210526315787257e-01,5.529473684210525208e-01
1.663085790309105083e-01,-9.431828207044599122e-01,5.529473684210525208e-01
7.336659936276700433e-01,-6.156188646602910319e-01,5.529473684210525208e-01
9.577329360167697869e-01,-2.345769149061868082e-16,5.529473684210525208e-01
0.000000000000000000e+00,0.000000000000000000e+00,1.105894736842105264e+00
0.000000000000000000e+00,0.000000000000000000e+00,1.105894736842105264e+00
0.000000000000000000e+00,0.000000000000000000e+00,1.105894736842105264e+00
-0.000000000000000000e+00,0.000000000000000000e+00,1.105894736842105264e+00
-0.000000000000000000e+00,0.000000000000000000e+00,1.105894736842105264e+00
-0.000000000000000000e+00,-0.000000000000000000e+00,1.105894736842105264e+00
-0.000000000000000000e+00,-0.000000000000000000e+00,1.105894736842105264e+00
0.000000000000000000e+00,-0.000000000000000000e+00,1.105894736842105264e+00
0.000000000000000000e+00,-0.000000000000000000e+00,1.105894736842105264e+00
0.000000000000000000e+00,-0.000000000000000000e+00,1.105894736842105264e+00
1.547631278648794551e-16,0.000000000000000000e+00,-1.263736842105263047e+00
1.185554341006027769e-16,9.947982102787810427e-17,-1.263736842105263047e+00
2.687433512377045663e-17,1.524119282017529796e-16,-1.263736842105263047e+00
-7.738156393243969058e-17,1.340288003001249415e-16,-1.263736842105263047e+00
-1.454297692243732181e-16,5.293210717387488761e-17,-1.263736842105263047e+00
-1.454297692243732181e-16,-5.293210717387485680e-17,-1.263736842105263047e+00
-7.738156393243980151e-17,-1.340288003001248922e-16,-1.263736842105263047e+00
2.687433512377038884e-17,-1.524119282017530042e-16,-1.263736842105263047e+00
1.185554341006027276e-16,-9.947982102787815358e-17,-1.263736842105263047e+00
1.547631278648794551e-16,-3.790603383315143477e-32,-1.263736842105263047e+00
1.094428208961481630e+00,0.000000000000000000e+00,-6.318684210526318568e-01
8.383806478675986940e-01,7.034848924118710656e-01,-6.318684210526318568e-01
1.900454640734438039e-01,1.077801385300531933e+00,-6.318684210526318568e-01
-5.472141044807405930e-01,9.478026315789471745e-01,-6.318684210526318568e-01
-1.028426111941042276e+00,3.743164928886610343e-01,-6.318684210526318568e-01
-1.028426111941042498e+00,-3.743164928886608123e-01,-6.318684210526318568e-01
-5.472141044807412591e-01,-9.478026315789468415e-01,-6.318684210526318568e-01
1.900454640734433320e-01,-1.077801385300532155e+00,-6.318684210526318568e-01
8.383806478675984719e-01,-7.034848924118713986e-01,-6.318684210526318568e-01
1.094428208961481630e+00,-2.680576006002498336e-16,-6.318684210526318568e-01
1.263736842105263047e+00,0.000000000000000000e+00,7.738156393243972756e-17
9.680785854594621265e-01,8.123143840096574975e-01,7.738156393243972756e-17
2.194455996821403077e-01,1.244537839872427609e+00,7.738156393243972756e-17
-6.318684210526311906e-01,1.094428208961481852e+00,7.738156393243972756e-17
-1.187524185141602295e+00,4.322234558627702228e-01,7.738156393243972756e-17
-1.187524185141602295e+00,-4.322234558627699452e-01,7.738156393243972756e-17
-6.318684210526320788e-01,-1.094428208961481408e+00,7.738156393243972756e-17
2.194455996821397525e-01,-1.244537839872427831e+00,7.738156393243972756e-17
9.680785854594617934e-01,-8.123143840096579416e-01,7.738156393243972756e-17
1.263736842105263047e+00,-3.095262557297589102e-16,7.738156393243972756e-17
1.094428208961481852e+00,0.000000000000000000e+00,6.318684210526314127e-01
8.383806478675989160e-01,7.034848924118711766e-01,6.318684210526314127e-01
1.900454640734438594e-01,1.077801385300532155e+00,6.318684210526314127e-01
-5.472141044807407040e-01,9.478026315789473966e-01,6.318684210526314127e-01
-1.028426111941042498e+00,3.743164928886610898e-01,6.318684210526314127e-01
-1.028426111941042720e+00,-3.743164928886608678e-01,6.318684210526314127e-01
-5.472141044807413701e-01,-9.478026315789470635e-01,6.318684210526314127e-01
1.900454640734433598e-01,-1.077801385300532377e+00,6.318684210526314127e-01
8.383806478675985829e-01,-7.034848924118716207e-01,6.318684210526314127e-01
1.094428208961481852e+00,-2.680576006002498829e-16,6.318684210526314127e-01
0.000000000000000000e+00,0.000000000000000000e+00,1.263736842105263047e+00
0.000000000000000000e+00,0.000000000000000000e+00,1.263736842105263047e+00
0.000000000000000000e+00,0.000000000000000000e+00,1.263736842105263047e+00
-0.000000000000000000e+00,0.000000000000000000e+00,1.263736842105263047e+00
-0.000000000000000000e+00,0.000000000000000000e+00,1.263736842105263047e+00
-0.000000000000000000e+00,-0.000000000000000000e+00,1.263736842105263047e+00
-0.000000000000000000e+00,-0.000000000000000000e+00,1.263736842105263047e+00
0.000000000000000000e+00,-0.000000000000000000e+00,1.263736842105263047e+00
0.000000000000000000e+00,-0.000000000000000000e+00,1.263736842105263047e+00
0.000000000000000000e+00,-0.000000000000000000e+00,1.263736842105263047e+00
1.740932107630000220e-16,0.000000000000000000e+00,-1.421578947368420831e+00
1.333631366897372134e-16,1.119049588090036635e-16,-1.421578947368420831e+00
3.023096879317979139e-17,1.714483437061907898e-16,-1.421578947368420831e+00
-8.704660538149997403e-17,1.507691431471564788e-16,-1.421578947368420831e+00
-1.635941054829169924e-16,5.954338489718715090e-17,-1.421578947368420831e+00
-1.635941054829170171e-16,-5.954338489718711392e-17,-1.421578947368420831e+00
-8.704660538150008496e-17,-1.507691431471564295e-16,-1.421578947368420831e+00
3.023096879317971127e-17,-1.714483437061908144e-16,-1.421578947368420831e+00
1.333631366897371887e-16,-1.119049588090037375e-16,-1.421578947368420831e+00
1.740932107630000220e-16,-4.264053866283870151e-32,-1.421578947368420831e+00
1.231123481906193584e+00,0.000000000000000000e+00,-7.107894736842107486e-01
9.430953021075272336e-01,7.913509201634515433e-01,-7.107894736842107486e-01
2.137823491159766831e-01,1.212419949896604177e+00,-7.107894736842107486e-01
-6.155617409530965700e-01,1.066184210526315512e+00,-7.107894736842107486e-01
-1.156877651223503722e+00,4.210690297331528553e-01,-7.107894736842107486e-01
-1.156877651223503944e+00,-4.210690297331525778e-01,-7.107894736842107486e-01
-6.155617409530973472e-01,-1.066184210526315068e+00,-7.107894736842107486e-01
2.137823491159761558e-01,-1.212419949896604399e+00,-7.107894736842107486e-01
9.430953021075270115e-01,-7.913509201634519874e-01,-7.107894736842107486e-01
1.231123481906193584e+00,-3.015382862943128591e-16,-7.107894736842107486e-01
1.421578947368420831e+00,0.000000000000000000e+00,8.704660538150001101e-17
1.088992653086504836e+00,9.137733335596538442e-01,8.704660538150001101e-17
2.468545936201994584e-01,1.399981968887354489e+00,8.704660538150001101e-17
-7.107894736842100825e-01,1.231123481906194028e+00,8.704660538150001101e-17
-1.335847246706704183e+00,4.862086353277008111e-01,8.704660538150001101e-17
-1.335847246706704405e+00,-4.862086353277004780e-01,8.704660538150001101e-17
-7.107894736842110817e-01,-1.231123481906193584e+00,8.704660538150001101e-17
2.468545936201988200e-01,-1.399981968887354711e+00,8.704660538150001101e-17
1.088992653086504614e+00,-9.137733335596542883e-01,8.704660538150001101e-17
1.421578947368420831e+00,-3.481864215260000440e-16,8.704660538150001101e-17
1.231123481906194028e+00,0.000000000000000000e+00,7.107894736842103045e-01
9.430953021075275666e-01,7.913509201634517654e-01,7.107894736842103045e-01
2.137823491159767664e-01,1.212419949896604621e+00,7.107894736842103045e-01
-6.155617409530967921e-01,1.066184210526315734e+00,7.107894736842103045e-01
-1.156877651223504166e+00,4.210690297331530219e-01,7.107894736842103045e-01
-1.156877651223504389e+00,-4.210690297331527443e-01,7.107894736842103045e-01
-6.155617409530975692e-01,-1.066184210526315290e+00,7.107894736842103045e-01
2.137823491159762390e-01,-1.212419949896604843e+00,7.107894736842103045e-01
9.430953021075273446e-01,-7.913509201634522094e-01,7.107894736842103045e-01
1.231123481906194028e+00,-3.015382862943130070e-16,7.107894736842103045e-01
0.000000000000000000e+00,0.000000000000000000e+00,1.421578947368420831e+00
0.000000000000000000e+00,0.000000000000000000e+00,1.421578947368420831e+00
0.000000000000000000e+00,0.000000000000000000e+00,1.421578947368420831e+00
-0.000000000000000000e+00,0.000000000000000000e+00,1.421578947368420831e+00
-0.000000000000000000e+00,0.000000000000000000e+00,1.421578947368420831e+00
-0.000000000000000000e+00,-0.000000000000000000e+00,1.421578947368420831e+00
-0.000000000000000000e+00,-0.000000000000000000e+00,1.421578947368420831e+00
0.000000000000000000e+00,-0.000000000000000000e+00,1.421578947368420831e+00
0.000000000000000000e+00,-0.000000000000000000e+00,1.421578947368420831e+00
0.000000000000000000e+00,-0.000000000000000000e+00,1.421578947368420831e+00
1.934232936611206382e-16,0.000000000000000000e+00,-1.579421052631578837e+00
1.481708392788716992e-16,1.243300965901292844e-16,-1.579421052631578837e+00
3.358760246258912923e-17,1.904847592106286740e-16,-1.579421052631578837e+00
-9.671164683056028213e-17,1.675094859941880655e-16,-1.579421052631578837e+00
-1.817584417414608161e-16,6.615466262049942651e-17,-1.579421052631578837e+00
-1.817584417414608407e-16,-6.615466262049937721e-17,-1.579421052631578837e+00
-9.671164683056040539e-17,-1.675094859941879916e-16,-1.579421052631578837e+00
3.358760246258904911e-17,-1.904847592106286986e-16,-1.579421052631578837e+00
1.481708392788716745e-16,-1.243300965901293337e-16,-1.579421052631578837e+00
1.934232936611206382e-16,-4.737504349252598467e-32,-1.579421052631578837e+00
1.367818754850905982e+00,0.000000000000000000e+00,-7.897105263157897515e-01
1.047809956347456106e+00,8.792169479150322431e-01,-7.897105263157897515e-01
2.375192341585096734e-01,1.347038514492676864e+00,-7.897105263157897515e-01
-6.839093774254526581e-01,1.184565789473684072e+00,-7.897105263157897515e-01
-1.285329190505965613e+00,4.678215665776447874e-01,-7.897105263157897515e-01
-1.285329190505965835e+00,-4.678215665776445098e-01,-7.897105263157897515e-01
-6.839093774254535463e-01,-1.184565789473683628e+00,-7.897105263157897515e-01
2.375192341585090627e-01,-1.347038514492677086e+00,-7.897105263157897515e-01
1.047809956347455884e+00,-8.792169479150326872e-01,-7.897105263157897515e-01
1.367818754850905982e+00,-3.350189719883760324e-16,-7.897105263157897515e-01
1.579421052631578837e+00,0.000000000000000000e+00,9.671164683056031911e-17
1.209906720713547879e+00,1.015232283109650302e+00,9.671164683056031911e-17
2.742635875582586369e-01,1.555426097902281590e+00,9.671164683056031911e-17
-7.897105263157890853e-01,1.367818754850906204e+00,9.671164683056031911e-17
-1.484170308271806293e+00,5.401938147926313993e-01,9.671164683056031911e-17
-1.484170308271806515e+00,-5.401938147926310663e-01,9.671164683056031911e-17
-7.897105263157900845e-01,-1.367818754850905760e+00,9.671164683056031911e-17
2.742635875582579708e-01,-1.555426097902281590e+00,9.671164683056031911e-17
1.209906720713547434e+00,-1.015232283109650746e+00,9.671164683056031911e-17
1.579421052631578837e+00,-3.868465873222412764e-16,9.671164683056031911e-17
1.367818754850906204e+00,0.000000000000000000e+00,7.897105263157891963e-01
1.047809956347456328e+00,8.792169479150324651e-01,7.897105263157891963e-01
2.375192341585097011e-01,1.347038514492677086e+00,7.897105263157891963e-01
-6.839093774254527691e-01,1.184565789473684294e+00,7.897105263157891963e-01
-1.285329190505965835e+00,4.678215665776448984e-01,7.897105263157891963e-01
-1.285329190505966057e+00,-4.678215665776445653e-01,7.897105263157891963e-01
-6.839093774254536573e-01,-1.184565789473683850e+00,7.897105263157891963e-01
2.375192341585090905e-01,-1.347038514492677308e+00,7.897105263157891963e-01
1.047809956347456106e+00,-8.792169479150329092e-01,7.897105263157891963e-01
1.367818754850906204e+00,-3.350189719883760817e-16,7.897105263157891963e-01
0.000000000000000000e+00,0.000000000000000000e+00,1.579421052631578837e+00
0.000000000000000000e+00,0.000000000000000000e+00,1.579421052631578837e+00
0.000000000000000000e+00,0.000000000000000000e+00,1.579421052631578837e+00
-0.000000000000000000e+00,0.000000000000000000e+00,1.579421052631578837e+00
-0.000000000000000000e+00,0.000000000000000000e+00,1.579421052631578837e+00
-0.000000000000000000e+00,-0.000000000000000000e+00,1.579421052631578837e+00
-0.000000000000000000e+00,-0.000000000000000000e+00,1.579421052631578837e+00
0.000000000000000000e+00,-0.000000000000000000e+00,1.579421052631578837e+00
0.000000000000000000e+00,-0.000000000000000000e+00,1.579421052631578837e+00
0.000000000000000000e+00,-0.000000000000000000e+00,1.579421052631578837e+00
2.127533765592412298e-16,0.000000000000000000e+00,-1.737263157894736842e+00
1.629785418680061850e-16,1.367552343712548560e-16,-1.737263157894736842e+00
3.694423613199846706e-17,2.095211747150665335e-16,-1.737263157894736842e+00
-1.063766882796205656e-16,1.842498288412196275e-16,-1.737263157894736842e+00
-1.999227780000046151e-16,7.276594034381168980e-17,-1.737263157894736842e+00
-1.999227780000046397e-16,-7.276594034381164050e-17,-1.737263157894736842e+00
-1.063766882796207135e-16,-1.842498288412195536e-16,-1.737263157894736842e+00
3.694423613199837462e-17,-2.095211747150665581e-16,-1.737263157894736842e+00
1.629785418680061357e-16,-1.367552343712549300e-16,-1.737263157894736842e+00
2.127533765592412298e-16,-5.210954832221325688e-32,-1.737263157894736842e+00
1.504514027795618158e+00,0.000000000000000000e+00,-8.686315789473687543e-01
1.152524610587384979e+00,9.670829756666128318e-01,-8.686315789473687543e-01
2.612561192010425803e-01,1.481657079088749329e+00,-8.686315789473687543e-01
-7.522570138978087462e-01,1.302947368421052410e+00,-8.686315789473687543e-01
-1.413780729788427282e+00,5.145741034221367194e-01,-8.686315789473687543e-01
-1.413780729788427504e+00,-5.145741034221363863e-01,-8.686315789473687543e-01
-7.522570138978097454e-01,-1.302947368421051966e+00,-8.686315789473687543e-01
2.612561192010419142e-01,-1.481657079088749551e+00,-8.686315789473687543e-01
1.152524610587384535e+00,-9.670829756666133870e-01,-8.686315789473687543e-01
1.504514027795618158e+00,-3.684996576824391565e-16,-8.686315789473687543e-01
1.737263157894736842e+00,0.000000000000000000e+00,1.063766882796206149e-16
1.330820788340590921e+00,1.116691232659646760e+00,1.063766882796206149e-16
3.016725814963178709e-01,1.710870226917208470e+00,1.063766882796206149e-16
-8.686315789473680882e-01,1.504514027795618603e+00,1.063766882796206149e-16
-1.632493369836908403e+00,5.941789942575620431e-01,1.063766882796206149e-16
-1.632493369836908625e+00,-5.941789942575615990e-01,1.063766882796206149e-16
-8.686315789473691984e-01,-1.504514027795617936e+00,1.063766882796206149e-16
3.016725814963170937e-01,-1.710870226917208692e+00,1.063766882796206149e-16
1.330820788340590477e+00,-1.116691232659647204e+00,1.063766882796206149e-16
1.737263157894736842e+00,-4.255067531184824595e-16,1.063766882796206149e-16
1.504514027795618603e+00,0.000000000000000000e+00,8.686315789473681992e-01
1.152524610587385201e+00,9.670829756666131649e-01,8.686315789473681992e-01
2.612561192010426359e-01,1.481657079088749773e+00,8.686315789473681992e-01
-7.522570138978089682e-01,1.302947368421052854e+00,8.686315789473681992e-01
-1.413780729788427726e+00,5.145741034221368304e-01,8.686315789473681992e-01
-1.413780729788427948e+00,-5.145741034221364973e-01,8.686315789473681992e-01
-7.522570138978099674e-01,-1.302947368421052410e+00,8.686315789473681992e-01
2.612561192010419697e-01,-1.481657079088749995e+00,8.686315789473681992e-01
1.152524610587384979e+00,-9.670829756666136090e-01,8.686315789473681992e-01
1.504514027795618603e+00,-3.684996576824392551e-16,8.686315789473681992e-01
0.000000000000000000e+00,0.000000000000000000e+00,1.737263157894736842e+00
0.000000000000000000e+00,0.000000000000000000e+00,1.737263157894736842e+00
0.000000000000000000e+00,0.000000000000000000e+00,1.737263157894736842e+00
-0.000000000000000000e+00,0.000000000000000000e+00,1.737263157894736842e+00
-0.000000000000000000e+00,0.000000000000000000e+00,1.737263157894736842e+00
-0.000000000000000000e+00,-0.000000000000000000e+00,1.737263157894736842e+00
-0.000000000000000000e+00,-0.000000000000000000e+00,1.737263157894736842e+00
0.000000000000000000e+00,-0.000000000000000000e+00,1.737263157894736842e+00
0.000000000000000000e+00,-0.000000000000000000e+00,1.737263157894736842e+00
0.000000000000000000e+00,-0.000000000000000000e+00,1.737263157894736842e+00
2.320834594573617967e-16,0.000000000000000000e+00,-1.895105263157894626e+00
1.777862444571406215e-16,1.491803721523804276e-16,-1.895105263157894626e+00
4.030086980140780490e-17,2.285575902195043437e-16,-1.895105263157894626e+00
-1.160417297286808490e-16,2.009901716882511649e-16,-1.895105263157894626e+00
-2.180871142585484140e-16,7.937721806712394076e-17,-1.895105263157894626e+00
-2.180871142585484387e-16,-7.937721806712389146e-17,-1.895105263157894626e+00
-1.160417297286809969e-16,-2.009901716882510910e-16,-1.895105263157894626e+00
4.030086980140770013e-17,-2.285575902195043930e-16,-1.895105263157894626e+00
1.777862444571405722e-16,-1.491803721523805015e-16,-1.895105263157894626e+00
2.320834594573617967e-16,-5.684405315190052362e-32,-1.895105263157894626e+00
1.641209300740330335e+00,0.000000000000000000e+00,-9.475526315789477572e-01
1.257239264827313630e+00,1.054949003418193421e+00,-9.475526315789477572e-01
2.849930042435754873e-01,1.616275643684821794e+00,-9.475526315789477572e-01
-8.206046503701648342e-01,1.421328947368420970e+00,-9.475526315789477572e-01
-1.542232269070888950e+00,5.613266402666285959e-01,-9.475526315789477572e-01
-1.542232269070889172e+00,-5.613266402666282628e-01,-9.475526315789477572e-01
-8.206046503701659445e-01,-1.421328947368420303e+00,-9.475526315789477572e-01
2.849930042435747657e-01,-1.616275643684822017e+00,-9.475526315789477572e-01
1.257239264827313407e+00,-1.054949003418194087e+00,-9.475526315789477572e-01
1.641209300740330335e+00,-4.019803433765022805e-16,-9.475526315789477572e-01
1.895105263157894626e+00,0.000000000000000000e+00,1.160417297286808983e-16
1.451734855967633742e+00,1.218150182209642995e+00,1.160417297286808983e-16
3.290815754343769939e-01,1.866314355932135349e+00,1.160417297286808983e-16
-9.475526315789468690e-01,1.641209300740330779e+00,1.160417297286808983e-16
-1.780816431402010513e+00,6.481641737224925759e-01,1.160417297286808983e-16
-1.780816431402010735e+00,-6.481641737224921318e-01,1.160417297286808983e-16
-9.475526315789482013e-01,-1.641209300740330113e+00,1.160417297286808983e-16
3.290815754343761612e-01,-1.866314355932135571e+00,1.160417297286808983e-16
1.451734855967633298e+00,-1.218150182209643662e+00,1.160417297286808983e-16
1.895105263157894626e+00,-4.641669189147235933e-16,1.160417297286808983e-16
1.641209300740330779e+00,0.000000000000000000e+00,9.475526315789470910e-01
1.257239264827314074e+00,1.054949003418193865e+00,9.475526315789470910e-01
2.849930042435755984e-01,1.616275643684822239e+00,9.475526315789470910e-01
-8.206046503701650563e-01,1.421328947368421192e+00,9.475526315789470910e-01
-1.542232269070889394e+00,5.613266402666287069e-01,9.475526315789470910e-01
-1.542232269070889616e+00,-5.613266402666283739e-01,9.475526315789470910e-01
-8.206046503701661665e-01,-1.421328947368420748e+00,9.475526315789470910e-01
2.849930042435748767e-01,-1.616275643684822461e+00,9.475526315789470910e-01
1.257239264827313630e+00,-1.054949003418194309e+00,9.475526315789470910e-01
1.641209300740330779e+00,-4.019803433765023791e-16,9.475526315789470910e-01
0.000000000000000000e+00,0.000000000000000000e+00,1.895105263157894626e+00
0.000000000000000000e+00,0.000000000000000000e+00,1.895105263157894626e+00
0.000000000000000000e+00,0.000000000000000000e+00,1.895105263157894626e+00
-0.000000000000000000e+00,0.000000000000000000e+00,1.895105263157894626e+00
-0.000000000000000000e+00,0.000000000000000000e+00,1.895105263157894626e+00
-0.000000000000000000e+00,-0.000000000000000000e+00,1.895105263157894626e+00
-0.000000000000000000e+00,-0.000000000000000000e+00,1.895105263157894626e+00
0.000000000000000000e+00,-0.000000000000000000e+00,1.895105263157894626e+00
0.000000000000000000e+00,-0.000000000000000000e+00,1.895105263157894626e+00
0.000000000000000000e+00,-0.000000000000000000e+00,1.895105263157894626e+00
2.514135423554823882e-16,0.000000000000000000e+00,-2.052947368421052410e+00
1.925939470462751073e-16,1.616055099335060238e-16,-2.052947368421052410e+00
4.365750347081714274e-17,2.475940057239422032e-16,-2.052947368421052410e+00
-1.257067711777411448e-16,2.177305145352827269e-16,-2.052947368421052410e+00
-2.362514505170921884e-16,8.598849579043620405e-17,-2.052947368421052410e+00
-2.362514505170922377e-16,-8.598849579043615474e-17,-2.052947368421052410e+00
-1.257067711777413174e-16,-2.177305145352826283e-16,-2.052947368421052410e+00
4.365750347081703181e-17,-2.475940057239422032e-16,-2.052947368421052410e+00
1.925939470462750333e-16,-1.616055099335060978e-16,-2.052947368421052410e+00
2.514135423554823882e-16,-6.157855798158780130e-32,-2.052947368421052410e+00
1.777904573685042289e+00,0.000000000000000000e+00,-1.026473684210526649e+00
1.361953919067242280e+00,1.142815031169774009e+00,-1.026473684210526649e+00
3.087298892861083943e-01,1.750894208280894038e+00,-1.026473684210526649e+00
-8.889522868425207003e-01,1.539710526315789085e+00,-1.026473684210526649e+00
-1.670683808353350397e+00,6.080791771111203614e-01,-1.026473684210526649e+00
-1.670683808353350619e+00,-6.080791771111200283e-01,-1.026473684210526649e+00
-8.889522868425219215e-01,-1.539710526315788419e+00,-1.026473684210526649e+00
3.087298892861076172e-01,-1.750894208280894260e+00,-1.026473684210526649e+00
1.361953919067241836e+00,-1.142815031169774453e+00,-1.026473684210526649e+00
1.777904573685042289e+00,-4.354610290705653060e-16,-1.026473684210526649e+00
2.052947368421052410e+00,0.000000000000000000e+00,1.257067711777411941e-16
1.572648923594676562e+00,1.319609131759639231e+00,1.257067711777411941e-16
3.564905693724361724e-01,2.021758484947062229e+00,1.257067711777411941e-16
-1.026473684210525761e+00,1.777904573685042733e+00,1.257067711777411941e-16
-1.929139492967112401e+00,7.021493531874231087e-01,1.257067711777411941e-16
-1.929139492967112623e+00,-7.021493531874226646e-01,1.257067711777411941e-16
-1.026473684210527093e+00,-1.777904573685042067e+00,1.257067711777411941e-16
3.564905693724352287e-01,-2.021758484947062229e+00,1.257067711777411941e-16
1.572648923594676118e+00,-1.319609131759640119e+00,1.257067711777411941e-16
2.052947368421052410e+00,-5.028270847109647764e-16,1.257067711777411941e-16
1.777904573685042733e+00,0.000000000000000000e+00,1.026473684210525983e+00
1.361953919067242502e+00,1.142815031169774231e+00,1.026473684210525983e+00
3.087298892861084498e-01,1.750894208280894482e+00,1.026473684210525983e+00
-8.889522868425209223e-01,1.539710526315789529e+00,1.026473684210525983e+00
-1.670683808353350841e+00,6.080791771111205835e-01,1.026473684210525983e+00
-1.670683808353351063e+00,-6.080791771111201394e-01,1.026473684210525983e+00
-8.889522868425221436e-01,-1.539710526315788863e+00,1.026473684210525983e+00
3.087298892861076727e-01,-1.750894208280894704e+00,1.026473684210525983e+00
1.361953919067242280e+00,-1.142815031169774898e+00,1.026473684210525983e+00
1.777904573685042733e+00,-4.354610290705654539e-16,1.026473684210525983e+00
0.000000000000000000e+00,0.000000000000000000e+00,2.052947368421052410e+00
0.000000000000000000e+00,0.000000000000000000e+00,2.052947368421052410e+00
0.000000000000000000e+00,0.000000000000000000e+00,2.052947368421052410e+00
-0.000000000000000000e+00,0.000000000000000000e+00,2.052947368421052410e+00
-0.000000000000000000e+00,0.000000000000000000e+00,2.052947368421052410e+00
-0.000000000000000000e+00,-0.000000000000000000e+00,2.052947368421052410e+00
-0.000000000000000000e+00,-0.000000000000000000e+00,2.052947368421052410e+00
0.000000000000000000e+00,-0.000000000000000000e+00,2.052947368421052410e+00
0.000000000000000000e+00,-0.000000000000000000e+00,2.052947368421052410e+00
0.000000000000000000e+00,-0.000000000000000000e+00,2.052947368421052410e+00
2.707436252536030291e-16,0.000000000000000000e+00,-2.210789473684210638e+00
2.074016496354095931e-16,1.740306477146316447e-16,-2.210789473684210638e+00
4.701413714022648674e-17,2.666304212283801120e-16,-2.210789473684210638e+00
-1.353718126268014652e-16,2.344708573823143136e-16,-2.210789473684210638e+00
-2.544157867756360860e-16,9.259977351374849198e-17,-2.210789473684210638e+00
-2.544157867756360860e-16,-9.259977351374843035e-17,-2.210789473684210638e+00
-1.353718126268016378e-16,-2.344708573823142150e-16,-2.210789473684210638e+00
4.701413714022636965e-17,-2.666304212283801120e-16,-2.210789473684210638e+00
2.074016496354095438e-16,-1.740306477146317187e-16,-2.210789473684210638e+00
2.707436252536030291e-16,-6.631306281127508994e-32,-2.210789473684210638e+00
1.914599846629754687e+00,0.000000000000000000e+00,-1.105394736842105763e+00
1.466668573307171153e+00,1.230681058921354598e+00,-1.105394736842105763e+00
3.324667743286413568e-01,1.885512772876966725e+00,-1.105394736842105763e+00
-9.572999233148768994e-01,1.658092105263157645e+00,-1.105394736842105763e+00
-1.799135347635812288e+00,6.548317139556123490e-01,-1.105394736842105763e+00
-1.799135347635812510e+00,-6.548317139556119049e-01,-1.105394736842105763e+00
-9.572999233148782317e-01,-1.658092105263156979e+00,-1.105394736842105763e+00
3.324667743286405241e-01,-1.885512772876966947e+00,-1.105394736842105763e+00
1.466668573307170709e+00,-1.230681058921355264e+00,-1.105394736842105763e+00
1.914599846629754687e+00,-4.689417147646285286e-16,-1.105394736842105763e+00
2.210789473684210638e+00,0.000000000000000000e+00,1.353718126268015145e-16
1.693562991221719605e+00,1.421068081309635911e+00,1.353718126268015145e-16
3.838995633104954064e-01,2.177202613961989552e+00,1.353718126268015145e-16
-1.105394736842104875e+00,1.914599846629755353e+00,1.353718126268015145e-16
-2.077462554532214956e+00,7.561345326523537524e-01,1.353718126268015145e-16
-2.077462554532214956e+00,-7.561345326523533084e-01,1.353718126268015145e-16
-1.105394736842106207e+00,-1.914599846629754465e+00,1.353718126268015145e-16
3.838995633104944072e-01,-2.177202613961989552e+00,1.353718126268015145e-16
1.693562991221719161e+00,-1.421068081309636577e+00,1.353718126268015145e-16
2.210789473684210638e+00,-5.414872505072060581e-16,1.353718126268015145e-16
1.914599846629755353e+00,0.000000000000000000e+00,1.105394736842105097e+00
1.466668573307171597e+00,1.230681058921355042e+00,1.105394736842105097e+00
3.324667743286414678e-01,1.885512772876967391e+00,1.105394736842105097e+00
-9.572999233148772324e-01,1.658092105263158311e+00,1.105394736842105097e+00
-1.799135347635812954e+00,6.548317139556125710e-01,1.105394736842105097e+00
-1.799135347635813176e+00,-6.548317139556121269e-01,1.105394736842105097e+00
-9.572999233148785647e-01,-1.658092105263157645e+00,1.105394736842105097e+00
3.324667743286406352e-01,-1.885512772876967613e+00,1.105394736842105097e+00
1.466668573307171153e+00,-1.230681058921355708e+00,1.105394736842105097e+00
1.914599846629755353e+00,-4.689417147646286272e-16,1.105394736842105097e+00
0.000000000000000000e+00,0.000000000000000000e+00,2.210789473684210638e+00
0.000000000000000000e+00,0.000000000000000000e+00,2.210789473684210638e+00
0.000000000000000000e+00,0.000000000000000000e+00,2.210789473684210638e+00
-0.000000000000000000e+00,0.000000000000000000e+00,2.210789473684210638e+00
-0.000000000000000000e+00,0.000000000000000000e+00,2.210789473684210638e+00
-0.000000000000000000e+00,-0.000000000000000000e+00,2.210789473684210638e+00
-0.000000000000000000e+00,-0.000000000000000000e+00,2.210789473684210638e+00
0.000000000000000000e+00,-0.000000000000000000e+00,2.210789473684210638e+00
0.000000000000000000e+00,-0.000000000000000000e+00,2.210789473684210638e+00
0.000000000000000000e+00,-0.000000000000000000e+00,2.210789473684210638e+00
2.900737081517236206e-16,0.000000000000000000e+00,-2.368631578947368421e+00
2.222093522245440542e-16,1.864557854957572163e-16,-2.368631578947368421e+00
5.037077080963582458e-17,2.856668367328179715e-16,-2.368631578947368421e+00
-1.450368540758617363e-16,2.512112002293459003e-16,-2.368631578947368421e+00
-2.725801230341798849e-16,9.921105123706075527e-17,-2.368631578947368421e+00
-2.725801230341798849e-16,-9.921105123706069364e-17,-2.368631578947368421e+00
-1.450368540758619336e-16,-2.512112002293458017e-16,-2.368631578947368421e+00
5.037077080963569516e-17,-2.856668367328179715e-16,-2.368631578947368421e+00
2.222093522245440049e-16,-1.864557854957573149e-16,-2.368631578947368421e+00
2.900737081517236206e-16,-7.104756764096236762e-32,-2.368631578947368421e+00
2.051295119574466863e+00,0.000000000000000000e+00,-1.184315789473684655e+00
1.571383227547099803e+00,1.318547086672935187e+00,-1.184315789473684655e+00
3.562036593711742638e-01,2.020131337473039412e+00,-1.184315789473684655e+00
-1.025647559787232987e+00,1.776473684210526205e+00,-1.184315789473684655e+00
-1.927586886918273956e+00,7.015842508001042255e-01,-1.184315789473684655e+00
-1.927586886918274178e+00,-7.015842508001037814e-01,-1.184315789473684655e+00
-1.025647559787234320e+00,-1.776473684210525539e+00,-1.184315789473684655e+00
3.562036593711733756e-01,-2.020131337473039412e+00,-1.184315789473684655e+00
1.571383227547099359e+00,-1.318547086672935853e+00,-1.184315789473684655e+00
2.051295119574466863e+00,-5.024224004586916034e-16,-1.184315789473684655e+00
2.368631578947368421e+00,0.000000000000000000e+00,1.450368540758618103e-16
1.814477058848762425e+00,1.522527030859632147e+00,1.450368540758618103e-16
4.113085572485545294e-01,2.332646742976916432e+00,1.450368540758618103e-16
-1.184315789473683767e+00,2.051295119574467307e+00,1.450368540758618103e-16
-2.225785616097316844e+00,8.101197121172842852e-01,1.450368540758618103e-16
-2.225785616097316844e+00,-8.101197121172838411e-01,1.450368540758618103e-16
-1.184315789473685321e+00,-2.051295119574466419e+00,1.450368540758618103e-16
4.113085572485534747e-01,-2.332646742976916432e+00,1.450368540758618103e-16
1.814477058848761981e+00,-1.522527030859633035e+00,1.450368540758618103e-16
2.368631578947368421e+00,-5.801474163034472412e-16,1.450368540758618103e-16
2.051295119574467307e+00,0.000000000000000000e+00,1.184315789473683989e+00
1.571383227547100248e+00,1.318547086672935631e+00,1.184315789473683989e+00
3.562036593711743748e-01,2.020131337473039856e+00,1.184315789473683989e+00
-1.025647559787233210e+00,1.776473684210526427e+00,1.184315789473683989e+00
-1.927586886918274400e+00,7.015842508001043365e-01,1.184315789473683989e+00
-1.927586886918274622e+00,-7.015842508001038924e-01,1.184315789473683989e+00
-1.025647559787234542e+00,-1.776473684210525761e+00,1.184315789473683989e+00
3.562036593711734311e-01,-2.020131337473039856e+00,1.184315789473683989e+00
1.571383227547099803e+00,-1.318547086672936297e+00,1.184315789473683989e+00
2.051295119574467307e+00,-5.024224004586917020e-16,1.184315789473683989e+00
0.000000000000000000e+00,0.000000000000000000e+00,2.368631578947368421e+00
0.000000000000000000e+00,0.000000000000000000e+00,2.368631578947368421e+00
0.000000000000000000e+00,0.000000000000000000e+00,2.368631578947368421e+00
-0.000000000000000000e+00,0.000000000000000000e+00,2.368631578947368421e+00
-0.000000000000000000e+00,0.000000000000000000e+00,2.368631578947368421e+00
-0.000000000000000000e+00,-0.000000000000000000e+00,2.368631578947368421e+00
-0.000000000000000000e+00,-0.000000000000000000e+00,2.368631578947368421e+00
0.000000000000000000e+00,-0.000000000000000000e+00,2.368631578947368421e+00
0.000000000000000000e+00,-0.000000000000000000e+00,2.368631578947368421e+00
0.000000000000000000e+00,-0.000000000000000000e+00,2.368631578947368421e+00
3.094037910498441629e-16,0.000000000000000000e+00,-2.526473684210526205e+00
2.370170548136784907e-16,1.988809232768827879e-16,-2.526473684210526205e+00
5.372740447904515626e-17,3.047032522372557325e-16,-2.526473684210526205e+00
-1.547018955249220075e-16,2.679515430763773884e-16,-2.526473684210526205e+00
-2.907444592927236346e-16,1.058223289603730062e-16,-2.526473684210526205e+00
-2.907444592927236346e-16,-1.058223289603729323e-16,-2.526473684210526205e+00
-1.547018955249222293e-16,-2.679515430763772898e-16,-2.526473684210526205e+00
5.372740447904501451e-17,-3.047032522372557818e-16,-2.526473684210526205e+00
2.370170548136784414e-16,-1.988809232768828865e-16,-2.526473684210526205e+00
3.094037910498441629e-16,-7.578207247064962341e-32,-2.526473684210526205e+00
2.187990392519179039e+00,0.000000000000000000e+00,-1.263236842105263769e+00
1.676097881787028676e+00,1.406413114424515776e+00,-1.263236842105263769e+00
3.799405444137072263e-01,2.154749902069111656e+00,-1.263236842105263769e+00
-1.093995196259589076e+00,1.894855263157894543e+00,-1.263236842105263769e+00
-2.056038426200735625e+00,7.483367876445961020e-01,-1.263236842105263769e+00
-2.056038426200735625e+00,-7.483367876445956579e-01,-1.263236842105263769e+00
-1.093995196259590408e+00,-1.894855263157893877e+00,-1.263236842105263769e+00
3.799405444137062271e-01,-2.154749902069112100e+00,-1.263236842105263769e+00
1.676097881787028232e+00,-1.406413114424516664e+00,-1.263236842105263769e+00
2.187990392519179039e+00,-5.359030861527546781e-16,-1.263236842105263769e+00
2.526473684210526205e+00,0.000000000000000000e+00,1.547018955249220814e-16
1.935391126475805246e+00,1.623985980409628604e+00,1.547018955249220814e-16
4.387175511866137079e-01,2.488090871991843311e+00,1.547018955249220814e-16
-1.263236842105262436e+00,2.187990392519179483e+00,1.547018955249220814e-16
-2.374108677662418732e+00,8.641048915822148180e-01,1.547018955249220814e-16
-2.374108677662419176e+00,-8.641048915822142629e-01,1.547018955249220814e-16
-1.263236842105264213e+00,-2.187990392519178595e+00,1.547018955249220814e-16
4.387175511866125976e-01,-2.488090871991843311e+00,1.547018955249220814e-16
1.935391126475804802e+00,-1.623985980409629493e+00,1.547018955249220814e-16
2.526473684210526205e+00,-6.188075820996883257e-16,1.547018955249220814e-16
2.187990392519179483e+00,0.000000000000000000e+00,1.263236842105262880e+00
1.676097881787028898e+00,1.406413114424516220e+00,1.263236842105262880e+00
3.799405444137072818e-01,2.154749902069112100e+00,1.263236842105262880e+00
-1.093995196259589298e+00,1.894855263157894987e+00,1.263236842105262880e+00
-2.056038426200736069e+00,7.483367876445963240e-01,1.263236842105262880e+00
-2.056038426200736069e+00,-7.483367876445957689e-01,1.263236842105262880e+00
-1.093995196259590630e+00,-1.894855263157894321e+00,1.263236842105262880e+00
3.799405444137063381e-01,-2.154749902069112544e+00,1.263236842105262880e+00
1.676097881787028454e+00,-1.406413114424516886e+00,1.263236842105262880e+00
2.187990392519179483e+00,-5.359030861527547767e-16,1.263236842105262880e+00
0.000000000000000000e+00,0.000000000000000000e+00,2.526473684210526205e+00
0.000000000000000000e+00,0.000000000000000000e+00,2.526473684210526205e+00
0.000000000000000000e+00,0.000000000000000000e+00,2.526473684210526205e+00
-0.000000000000000000e+00,0.000000000000000000e+00,2.526473684210526205e+00
-0.000000000000000000e+00,0.000000000000000000e+00,2.526473684210526205e+00
-0.000000000000000000e+00,-0.000000000000000000e+00,2.526473684210526205e+00
-0.000000000000000000e+00,-0.000000000000000000e+00,2.526473684210526205e+00
0.000000000000000000e+00,-0.000000000000000000e+00,2.526473684210526205e+00
0.000000000000000000e+00,-0.000000000000000000e+00,2.526473684210526205e+00
0.000000000000000000e+00,-0.000000000000000000e+00,2.526473684210526205e+00
3.287338739479647544e-16,0.000000000000000000e+00,-2.684315789473683989e+00
2.518247574028129765e-16,2.113060610580083594e-16,-2.684315789473683989e+00
5.708403814845449410e-17,3.237396677416935920e-16,-2.684315789473683989e+00
-1.643669369739823032e-16,2.846918859234089750e-16,-2.684315789473683989e+00
-3.089087955512674336e-16,1.124336066836852818e-16,-2.684315789473683989e+00
-3.089087955512674829e-16,-1.124336066836852079e-16,-2.684315789473683989e+00
-1.643669369739825251e-16,-2.846918859234088271e-16,-2.684315789473683989e+00
5.708403814845434618e-17,-3.237396677416936413e-16,-2.684315789473683989e+00
2.518247574028128779e-16,-2.113060610580084827e-16,-2.684315789473683989e+00
3.287338739479647544e-16,-8.051657730033690110e-32,-2.684315789473683989e+00
2.324685665463890771e+00,0.000000000000000000e+00,-1.342157894736842660e+00
1.780812536026957105e+00,1.494279142176096142e+00,-1.342157894736842660e+00
4.036774294562400778e-01,2.289368466665183899e+00,-1.342157894736842660e+00
-1.162342832731944942e+00,2.013236842105262436e+00,-1.342157894736842660e+00
-2.184489965483196627e+00,7.950893244890878675e-01,-1.342157894736842660e+00
-2.184489965483197071e+00,-7.950893244890873124e-01,-1.342157894736842660e+00
-1.162342832731946496e+00,-2.013236842105261992e+00,-1.342157894736842660e+00
4.036774294562390231e-01,-2.289368466665183899e+00,-1.342157894736842660e+00
1.780812536026956439e+00,-1.494279142176097031e+00,-1.342157894736842660e+00
2.324685665463890771e+00,-5.693837718468177529e-16,-1.342157894736842660e+00
2.684315789473683989e+00,0.000000000000000000e+00,1.643669369739823772e-16
2.056305194102848066e+00,1.725444929959624840e+00,1.643669369739823772e-16
4.661265451246728309e-01,2.643535001006769747e+00,1.643669369739823772e-16
-1.342157894736841328e+00,2.324685665463891659e+00,1.643669369739823772e-16
-2.522431739227520620e+00,9.180900710471454618e-01,1.643669369739823772e-16
-2.522431739227521064e+00,-9.180900710471447956e-01,1.643669369739823772e-16
-1.342157894736843105e+00,-2.324685665463890771e+00,1.643669369739823772e-16
4.661265451246716651e-01,-2.643535001006770191e+00,1.643669369739823772e-16
2.056305194102847622e+00,-1.725444929959625728e+00,1.643669369739823772e-16
2.684315789473683989e+00,-6.574677478959295088e-16,1.643669369739823772e-16
2.324685665463891659e+00,0.000000000000000000e+00,1.342157894736841772e+00
1.780812536026957771e+00,1.494279142176096808e+00,1.342157894736841772e+00
4.036774294562402443e-01,2.289368466665184787e+00,1.342157894736841772e+00
-1.162342832731945386e+00,2.013236842105263324e+00,1.342157894736841772e+00
-2.184489965483197516e+00,7.950893244890882006e-01,1.342157894736841772e+00
-2.184489965483197960e+00,-7.950893244890876455e-01,1.342157894736841772e+00
-1.162342832731946940e+00,-2.013236842105262436e+00,1.342157894736841772e+00
4.036774294562391896e-01,-2.289368466665184787e+00,1.342157894736841772e+00
1.780812536026957105e+00,-1.494279142176097475e+00,1.342157894736841772e+00
2.324685665463891659e+00,-5.693837718468179501e-16,1.342157894736841772e+00
0.000000000000000000e+00,0.000000000000000000e+00,2.684315789473683989e+00
0.000000000000000000e+00,0.000000000000000000e+00,2.684315789473683989e+00
0.000000000000000000e+00,0.000000000000000000e+00,2.684315789473683989e+00
-0.000000000000000000e+00,0.000000000000000000e+00,2.684315789473683989e+00
-0.000000000000000000e+00,0.000000000000000000e+00,2.684315789473683989e+00
-0.000000000000000000e+00,-0.000000000000000000e+00,2.684315789473683989e+00
-0.000000000000000000e+00,-0.000000000000000000e+00,2.684315789473683989e+00
0.000000000000000000e+00,-0.000000000000000000e+00,2.684315789473683989e+00
0.000000000000000000e+00,-0.000000000000000000e+00,2.684315789473683989e+00
0.000000000000000000e+00,-0.000000000000000000e+00,2.684315789473683989e+00
3.480639568460853460e-16,0.000000000000000000e+00,-2.842157894736841772e+00
2.666324599919474623e-16,2.237311988391339557e-16,-2.842157894736841772e+00
6.044067181786383193e-17,3.427760832461314515e-16,-2.842157894736841772e+00
-1.740319784230425990e-16,3.014322287704405124e-16,-2.842157894736841772e+00
-3.270731318098112326e-16,1.190448844069975451e-16,-2.842157894736841772e+00
-3.270731318098112819e-16,-1.190448844069974712e-16,-2.842157894736841772e+00
-1.740319784230428209e-16,-3.014322287704404138e-16,-2.842157894736841772e+00
6.044067181786367170e-17,-3.427760832461315008e-16,-2.842157894736841772e+00
2.666324599919473637e-16,-2.237311988391340543e-16,-2.842157894736841772e+00
3.480639568460853460e-16,-8.525108213002417878e-32,-2.842157894736841772e+00
2.461380938408602947e+00,0.000000000000000000e+00,-1.421078947368421552e+00
1.885527190266885755e+00,1.582145169927676731e+00,-1.421078947368421552e+00
4.274143144987729848e-01,2.423987031261256142e+00,-1.421078947368421552e+00
-1.230690469204301030e+00,2.131618421052630996e+00,-1.421078947368421552e+00
-2.312941504765658518e+00,8.418418613335797440e-01,-1.421078947368421552e+00
-2.312941504765658962e+00,-8.418418613335791889e-01,-1.421078947368421552e+00
-1.230690469204302584e+00,-2.131618421052630108e+00,-1.421078947368421552e+00
4.274143144987718745e-01,-2.423987031261256586e+00,-1.421078947368421552e+00
1.885527190266885311e+00,-1.582145169927677619e+00,-1.421078947368421552e+00
2.461380938408602947e+00,-6.028644575408808276e-16,-1.421078947368421552e+00
2.842157894736841772e+00,0.000000000000000000e+00,1.740319784230426730e-16
2.177219261729891109e+00,1.826903879509621076e+00,1.740319784230426730e-16
4.935355390627320094e-01,2.798979130021696626e+00,1.740319784230426730e-16
-1.421078947368420220e+00,2.461380938408603836e+00,1.740319784230426730e-16
-2.670754800792622508e+00,9.720752505120759945e-01,1.740319784230426730e-16
-2.670754800792622952e+00,-9.720752505120753284e-01,1.740319784230426730e-16
-1.421078947368422218e+00,-2.461380938408602503e+00,1.740319784230426730e-16
4.935355390627307326e-01,-2.798979130021697070e+00,1.740319784230426730e-16
2.177219261729890221e+00,-1.826903879509622186e+00,1.740319784230426730e-16
2.842157894736841772e+00,-6.961279136921706919e-16,1.740319784230426730e-16
2.461380938408603836e+00,0.000000000000000000e+00,1.421078947368420664e+00
1.885527190266886421e+00,1.582145169927677397e+00,1.421078947368420664e+00
4.274143144987731513e-01,2.423987031261257030e+00,1.421078947368420664e+00
-1.230690469204301474e+00,2.131618421052631884e+00,1.421078947368420664e+00
-2.312941504765659406e+00,8.418418613335800771e-01,1.421078947368420664e+00
-2.312941504765659406e+00,-8.418418613335795220e-01,1.421078947368420664e+00
-1.230690469204303028e+00,-2.131618421052630996e+00,1.421078947368420664e+00
4.274143144987720411e-01,-2.423987031261257474e+00,1.421078947368420664e+00
1.885527190266885977e+00,-1.582145169927678063e+00,1.421078947368420664e+00
2.461380938408603836e+00,-6.028644575408810248e-16,1.421078947368420664e+00
0.000000000000000000e+00,0.000000000000000000e+00,2.842157894736841772e+00
0.000000000000000000e+00,0.000000000000000000e+00,2.842157894736841772e+00
0.000000000000000000e+00,0.000000000000000000e+00,2.842157894736841772e+00
-0.000000000000000000e+00,0.000000000000000000e+00,2.842157894736841772e+00
-0.000000000000000000e+00,0.000000000000000000e+00,2.842157894736841772e+00
-0.000000000000000000e+00,-0.000000000000000000e+00,2.842157894736841772e+00
-0.000000000000000000e+00,-0.000000000000000000e+00,2.842157894736841772e+00
0.000000000000000000e+00,-0.000000000000000000e+00,2.842157894736841772e+00
0.000000000000000000e+00,-0.000000000000000000e+00,2.842157894736841772e+00
0.000000000000000000e+00,-0.000000000000000000e+00,2.842157894736841772e+00
3.673940397442059375e-16,0.000000000000000000e+00,-3.000000000000000000e+00
2.814401625810818988e-16,2.361563366202595519e-16,-3.000000000000000000e+00
6.379730548727316977e-17,3.618124987505693110e-16,-3.000000000000000000e+00
-1.836970198721028948e-16,3.181725716174720498e-16,-3.000000000000000000e+00
-3.452374680683550316e-16,1.256561621303098084e-16,-3.000000000000000000e+00
-3.452374680683550809e-16,-1.256561621303097098e-16,-3.000000000000000000e+00
-1.836970198721031413e-16,-3.181725716174719512e-16,-3.000000000000000000e+00
6.379730548727300954e-17,-3.618124987505693603e-16,-3.000000000000000000e+00
2.814401625810818495e-16,-2.361563366202596505e-16,-3.000000000000000000e+00
3.673940397442059375e-16,-8.998558695971145647e-32,-3.000000000000000000e+00
2.598076211353315568e+00,0.000000000000000000e+00,-1.500000000000000666e+00
1.990241844506814850e+00,1.670011197679257764e+00,-1.500000000000000666e+00
4.511511995413060028e-01,2.558605595857329273e+00,-1.500000000000000666e+00
-1.299038105676657118e+00,2.250000000000000000e+00,-1.500000000000000666e+00
-2.441393044048120409e+00,8.885943981780717316e-01,-1.500000000000000666e+00
-2.441393044048120853e+00,-8.885943981780711765e-01,-1.500000000000000666e+00
-1.299038105676658894e+00,-2.249999999999999112e+00,-1.500000000000000666e+00
4.511511995413048370e-01,-2.558605595857329273e+00,-1.500000000000000666e+00
1.990241844506814184e+00,-1.670011197679258430e+00,-1.500000000000000666e+00
2.598076211353315568e+00,-6.363451432349440010e-16,-1.500000000000000666e+00
3.000000000000000000e+00,0.000000000000000000e+00,1.836970198721029688e-16
2.298133329356934151e+00,1.928362829059617756e+00,1.836970198721029688e-16
5.209445330007912434e-01,2.954423259036623950e+00,1.836970198721029688e-16
-1.499999999999999334e+00,2.598076211353316012e+00,1.836970198721029688e-16
-2.819077862357724840e+00,1.026060429977006638e+00,1.836970198721029688e-16
-2.819077862357725284e+00,-1.026060429977005972e+00,1.836970198721029688e-16
-1.500000000000001332e+00,-2.598076211353315124e+00,1.836970198721029688e-16
5.209445330007899111e-01,-2.954423259036624394e+00,1.836970198721029688e-16
2.298133329356933263e+00,-1.928362829059618644e+00,1.836970198721029688e-16
3.000000000000000000e+00,-7.347880794884118750e-16,1.836970198721029688e-16
2.598076211353316012e+00,0.000000000000000000e+00,1.499999999999999556e+00
1.990241844506815294e+00,1.670011197679257986e+00,1.499999999999999556e+00
4.511511995413060583e-01,2.558605595857329718e+00,1.499999999999999556e+00
-1.299038105676657340e+00,2.250000000000000000e+00,1.499999999999999556e+00
-2.441393044048120853e+00,8.885943981780719536e-01,1.499999999999999556e+00
-2.441393044048121297e+00,-8.885943981780713985e-01,1.499999999999999556e+00
-1.299038105676659116e+00,-2.249999999999999556e+00,1.499999999999999556e+00
4.511511995413048925e-01,-2.558605595857329718e+00,1.499999999999999556e+00
1.990241844506814628e+00,-1.670011197679258874e+00,1.499999999999999556e+00
2.598076211353316012e+00,-6.363451432349441982e-16,1.499999999999999556e+00
0.000000000000000000e+00,0.000000000000000000e+00,3.000000000000000000e+00
0.000000000000000000e+00,0.000000000000000000e+00,3.000000000000000000e+00
0.000000000000000000e+00,0.000000000000000000e+00,3.000000000000000000e+00
-0.000000000000000000e+00,0.000000000000000000e+00,3.000000000000000000e+00
-0.000000000000000000e+00,0.000000000000000000e+00,3.000000000000000000e+00
-0.000000000000000000e+00,-0.000000000000000000e+00,3.000000000000000000e+00
-0.000000000000000000e+00,-0.000000000000000000e+00,3.000000000000000000e+00
0.000000000000000000e+00,-0.000000000000000000e+00,3.000000000000000000e+00
0.000000000000000000e+00,-0.000000000000000000e+00,3.000000000000000000e+00
0.000000000000000000e+00,-0.000000000000000000e+00,3.000000000000000000e+00
